,City,Country,Lat,Lng,Max Temp,Humidity,Cloudiness,Wind Speed,Current Description
0,Nishihara,JP,26.1842,127.7558,72.68,91,75,0.0,broken clouds
1,Mahebourg,MU,-20.4081,57.7,74.25,78,40,12.66,scattered clouds
2,Naze,JP,28.3667,129.4833,70.86,65,76,10.4,broken clouds
3,Nuuk,GL,64.1835,-51.7216,27.21,46,0,9.22,clear sky
4,Dikson,RU,73.5069,80.5464,7.38,86,100,19.04,overcast clouds
5,Punta Arenas,CL,-53.15,-70.9167,46.51,36,75,21.85,broken clouds
6,Busselton,AU,-33.65,115.3333,57.04,85,100,9.8,light rain
7,Albany,US,42.6001,-73.9662,58.8,61,83,1.01,broken clouds
8,Akyab,MM,20.15,92.9,76.71,76,88,4.29,overcast clouds
9,Hobart,AU,-42.8794,147.3294,48.25,75,75,1.01,broken clouds
10,Ketchikan,US,55.3422,-131.6461,43.88,71,99,8.59,overcast clouds
11,Rikitea,PF,-23.1203,-134.9692,74.5,71,18,17.2,few clouds
12,Chuy,UY,-33.6971,-53.4616,68.77,41,0,11.18,clear sky
13,Vaini,TO,-21.2,-175.2,75.36,78,20,6.91,few clouds
14,Ushuaia,AR,-54.8,-68.3,33.46,80,75,39.12,snow
15,Saint-Philippe,RE,-21.3585,55.7679,74.79,84,42,15.17,scattered clouds
16,Martapura,ID,-3.4167,114.85,77.09,100,36,1.14,scattered clouds
17,Bauchi,NG,10.5,10.0,80.62,41,99,2.77,overcast clouds
18,Mataura,NZ,-46.1927,168.8643,53.35,90,99,0.78,overcast clouds
19,Kaitangata,NZ,-46.2817,169.8464,51.78,92,100,0.78,overcast clouds
20,Kapaa,US,22.0752,-159.319,80.58,77,20,1.99,few clouds
21,Hermanus,ZA,-34.4187,19.2345,60.91,68,0,11.65,clear sky
22,Butaritari,KI,3.0707,172.7902,80.1,71,3,2.91,clear sky
23,Salalah,OM,17.0151,54.0924,77.09,78,0,4.61,clear sky
24,Henderson,US,36.0397,-114.9819,73.98,29,1,20.71,clear sky
25,Ribeira Grande,PT,38.5167,-28.7,66.6,72,20,3.44,few clouds
26,Toppenish,US,46.3774,-120.3087,57.69,91,100,10.27,overcast clouds
27,Puerto Ayora,EC,-0.7393,-90.3518,78.76,85,100,10.36,overcast clouds
28,Esperance,AU,-33.8667,121.9,67.87,36,100,26.4,overcast clouds
29,Kousseri,CM,12.0769,15.0306,90.88,22,30,6.93,scattered clouds
30,Wenling,CN,28.3669,121.36,58.44,83,4,9.82,light rain
31,Sitka,US,57.0531,-135.33,46.29,66,40,3.44,scattered clouds
32,Victoria,HK,22.2855,114.1577,69.33,74,4,1.01,light rain
33,Fairbanks,US,64.8378,-147.7164,28.22,90,90,0.0,fog
34,Acapulco,MX,16.8634,-99.8901,80.42,78,90,10.36,thunderstorm with rain
35,Kolokani,ML,13.5728,-8.0339,84.87,46,52,5.88,broken clouds
36,Richards Bay,ZA,-28.783,32.0377,63.73,68,60,6.85,broken clouds
37,Georgetown,MY,5.4112,100.3354,77.9,94,20,0.0,few clouds
38,Bluff,NZ,-46.6,168.3333,52.54,94,100,4.16,overcast clouds
39,Traiguen,CL,-38.25,-72.6833,67.42,54,55,7.85,broken clouds
40,Kruisfontein,ZA,-34.0033,24.7314,53.89,75,0,4.27,clear sky
41,Hamilton,US,39.1834,-84.5333,66.58,96,90,1.01,mist
42,Bangaon,IN,23.0667,88.8167,80.55,75,57,2.37,broken clouds
43,Jamestown,US,42.097,-79.2353,54.99,82,90,4.0,overcast clouds
44,Launceston,AU,-41.45,147.1667,46.62,76,75,4.0,broken clouds
45,Ponta Do Sol,PT,32.6667,-17.1,70.43,57,54,6.4,broken clouds
46,Baltiysk,RU,54.6538,19.911,42.78,76,100,13.85,overcast clouds
47,Qaanaaq,GL,77.484,-69.3632,-3.08,60,0,10.63,clear sky
48,Abadan,IR,30.3392,48.3043,80.55,26,0,6.91,clear sky
49,Filiatra,GR,37.15,21.5833,66.61,78,100,5.32,overcast clouds
50,Saskylakh,RU,71.9167,114.0833,-9.85,100,95,4.74,overcast clouds
51,Hilo,US,19.7297,-155.09,78.28,94,54,1.01,light rain
52,Neiafu,TO,-18.65,-173.9833,75.88,69,40,6.91,scattered clouds
53,Dehui,CN,44.5333,125.7,44.91,79,91,9.48,overcast clouds
54,Yulara,AU,-25.2406,130.9889,60.64,51,0,8.05,clear sky
55,Bredasdorp,ZA,-34.5322,20.0403,54.28,76,0,3.44,clear sky
56,Shimoda,JP,34.6667,138.95,58.1,63,100,13.02,light rain
57,Camopi,GF,3.1655,-52.3158,81.18,85,100,5.12,overcast clouds
58,Arraial Do Cabo,BR,-22.9661,-42.0278,75.16,83,75,5.75,broken clouds
59,Villa Juarez,MX,24.6536,-107.5411,92.71,61,75,0.0,broken clouds
60,Tasiilaq,GL,65.6145,-37.6368,32.16,95,100,22.55,snow
61,Ixtapa,MX,20.7,-105.2,86.23,70,75,8.05,broken clouds
62,Araouane,ML,18.9048,-3.5265,93.94,20,40,6.64,scattered clouds
63,Masindi,UG,1.6744,31.715,67.48,92,94,1.16,moderate rain
64,Bethel,US,41.3712,-73.414,59.49,64,90,9.22,overcast clouds
65,Castro,BR,-24.7911,-50.0119,61.84,88,92,6.04,overcast clouds
66,Biryukove,UA,47.9563,39.7384,43.11,54,100,6.82,overcast clouds
67,Sao Felix Do Xingu,BR,-6.6447,-51.995,87.66,57,100,3.6,moderate rain
68,Khotyn,UA,48.4833,26.5,39.2,60,47,4.59,scattered clouds
69,Havoysund,NO,70.9963,24.6622,30.43,76,89,11.72,overcast clouds
70,Namibe,AO,-15.1961,12.1522,65.21,81,1,8.93,clear sky
71,Olafsvik,IS,64.8945,-23.7142,42.6,89,100,18.41,moderate rain
72,South Lake Tahoe,US,38.9332,-119.9844,48.36,86,90,14.97,heavy intensity rain
73,Geraldton,AU,-28.7667,114.6,64.81,77,90,4.61,overcast clouds
74,Bandarbeyla,SO,9.4942,50.8122,79.16,74,97,7.96,overcast clouds
75,Dingle,PH,10.9995,122.6711,75.65,92,100,4.09,overcast clouds
76,Oktyabrskoye,RU,43.0645,44.7417,42.94,93,45,2.24,scattered clouds
77,Bilibino,RU,68.0546,166.4372,-20.06,100,99,3.4,overcast clouds
78,Colares,PT,38.7992,-9.4469,64.29,62,0,5.01,clear sky
79,Peterhead,GB,57.5058,-1.7981,54.45,86,100,21.74,overcast clouds
80,Pangnirtung,CA,66.1451,-65.7125,28.4,86,75,4.61,broken clouds
81,Arlit,NE,18.7369,7.3853,89.73,10,0,7.25,clear sky
82,Cape Town,ZA,-33.9258,18.4232,60.28,71,20,4.0,few clouds
83,Hualmay,PE,-11.0964,-77.6139,68.25,70,14,10.49,few clouds
84,Norman Wells,CA,65.282,-126.8329,23.04,93,90,4.61,overcast clouds
85,Doka,SD,13.5167,35.7667,84.29,40,92,6.76,overcast clouds
86,Tigzirt,DZ,36.8886,4.1198,64.0,68,0,8.5,clear sky
87,Pimenta Bueno,BR,-11.6725,-61.1936,88.32,58,47,11.61,scattered clouds
88,Ajdabiya,LY,30.7554,20.2263,79.23,27,33,17.49,scattered clouds
89,Dubasari,MD,47.2631,29.1608,47.19,59,11,6.8,few clouds
90,Mount Isa,AU,-20.7333,139.5,76.77,53,40,6.91,light rain
91,Zyryanovsk,KZ,49.7386,84.2719,34.0,74,13,2.13,few clouds
92,Muros,ES,42.7762,-9.0603,60.1,89,70,3.58,broken clouds
93,Le Vauclin,MQ,14.5452,-60.8388,87.85,62,20,17.27,few clouds
94,Kodiak,US,57.79,-152.4072,44.11,87,90,0.0,overcast clouds
95,Awbari,LY,26.5921,12.7805,81.3,24,11,7.16,few clouds
96,Kavieng,PG,-2.5744,150.7967,82.06,76,85,12.53,light rain
97,Cabo Rojo,PR,18.0866,-67.1457,87.78,72,100,3.0,light rain
98,Buala,SB,-8.145,159.5921,79.59,82,32,0.25,scattered clouds
99,Lakes Entrance,AU,-37.8811,147.981,48.16,73,73,12.03,broken clouds
100,Korla,CN,41.7597,86.1469,47.97,38,0,2.8,clear sky
101,Hithadhoo,MV,-0.6,73.0833,81.32,77,83,14.14,broken clouds
102,Lavrentiya,RU,65.5833,-171.0,21.97,83,100,9.78,overcast clouds
103,Faanui,PF,-16.4833,-151.75,75.92,90,100,12.39,light rain
104,Barra Dos Coqueiros,BR,-10.9089,-37.0386,82.42,78,20,17.27,few clouds
105,Rio Tercero,AR,-32.173,-64.1141,76.48,14,0,8.34,clear sky
106,Guadalupe Y Calvo,MX,26.1,-106.9667,68.5,24,0,5.57,clear sky
107,Lamu,KE,-2.2717,40.902,77.65,84,4,10.8,clear sky
108,Saint-Joseph,RE,-21.3667,55.6167,73.78,82,44,12.46,scattered clouds
109,Nyurba,RU,63.2842,118.3319,32.54,98,100,6.78,light snow
110,Port Blair,IN,11.6667,92.75,78.84,89,40,2.3,mist
111,Provideniya,RU,64.3833,-173.3,24.91,58,0,11.18,clear sky
112,Kibungo,RW,-2.1597,30.5427,70.72,69,95,1.39,overcast clouds
113,Itarema,BR,-2.9248,-39.9167,85.3,59,4,16.64,clear sky
114,Tuy Hoa,VN,13.0833,109.3,77.38,91,100,13.67,heavy intensity rain
115,Lorengau,PG,-2.0226,147.2712,80.56,79,54,7.76,broken clouds
116,Cidreira,BR,-30.1811,-50.2056,69.35,46,0,13.22,clear sky
117,Nazret,ET,8.55,39.2667,62.53,37,23,4.7,few clouds
118,Nemuro,JP,43.3236,145.575,51.22,76,0,8.37,clear sky
119,Mackay,AU,-21.15,149.2,75.69,75,56,4.07,broken clouds
120,Katsuura,JP,35.1333,140.3,55.51,59,98,6.62,overcast clouds
121,Zhigansk,RU,66.7697,123.3711,13.59,96,88,4.85,overcast clouds
122,New Norfolk,AU,-42.7826,147.0587,47.91,67,100,1.99,overcast clouds
123,Srednekolymsk,RU,67.45,153.6833,-7.01,95,99,2.3,overcast clouds
124,Biak,ID,-0.9131,122.8766,76.23,74,100,2.75,overcast clouds
125,Isangel,VU,-19.55,169.2667,69.91,94,23,2.3,few clouds
126,Pevek,RU,69.7008,170.3133,6.55,94,100,2.37,overcast clouds
127,Daman,IN,20.4167,72.85,76.01,71,5,1.39,clear sky
128,Ancud,CL,-41.8697,-73.8203,61.43,88,98,15.14,overcast clouds
129,Namatanai,PG,-3.6667,152.4333,78.89,81,90,5.73,light rain
130,Jinji,CN,23.2281,110.8261,59.38,75,0,3.4,clear sky
131,Kirakira,SB,-10.4544,161.9205,79.34,85,27,8.1,scattered clouds
132,Dotnuva,LT,55.35,23.9,40.08,85,70,6.55,broken clouds
133,Mar Del Plata,AR,-38.0023,-57.5575,71.62,28,0,18.41,clear sky
134,Half Moon Bay,US,37.4636,-122.4286,64.8,93,90,29.93,light rain
135,Thompson,CA,55.7435,-97.8558,32.16,80,75,6.91,light shower snow
136,Touros,BR,-5.1989,-35.4608,85.1,63,28,15.03,scattered clouds
137,Bouca,CF,6.5105,18.2733,72.77,92,43,3.36,moderate rain
138,Labuhan,ID,-6.8844,112.2051,78.82,83,97,5.88,overcast clouds
139,Long Beach,US,33.767,-118.1892,73.83,74,90,5.01,overcast clouds
140,Saint-Pierre,RE,-21.3393,55.4781,74.88,76,0,2.3,clear sky
141,Yellowknife,CA,62.456,-114.3525,41.56,84,90,21.85,overcast clouds
142,Alofi,NU,-19.0595,-169.9187,76.89,61,99,14.97,overcast clouds
143,Grabouw,ZA,-34.1515,19.0151,57.49,78,0,7.61,clear sky
144,Torbay,CA,47.6666,-52.7314,59.76,92,20,16.11,few clouds
145,Vardo,NO,70.3705,31.1107,31.98,86,40,8.05,light snow
146,Bichena,ET,10.45,38.2,53.44,56,13,6.04,few clouds
147,Adrar,MR,20.5022,-10.0711,86.63,22,33,5.21,scattered clouds
148,Aksu,CN,41.1231,80.2644,49.24,45,0,3.74,clear sky
149,Cartagena,CO,10.3997,-75.5144,83.82,79,75,8.05,broken clouds
150,Shiloh,US,38.5614,-89.8973,80.33,64,75,24.16,broken clouds
151,Avarua,CK,-21.2078,-159.775,75.25,60,40,12.66,scattered clouds
152,Carnarvon,AU,-24.8667,113.6333,68.07,73,75,14.97,broken clouds
153,Sahbuz,AZ,39.4072,45.5739,46.0,33,0,2.8,clear sky
154,Aksarka,RU,66.5606,67.7975,21.85,84,6,12.5,clear sky
155,Cabedelo,BR,-6.9811,-34.8339,84.87,65,97,12.24,overcast clouds
156,San Patricio,US,28.017,-97.5169,91.38,48,3,8.61,clear sky
157,Necochea,AR,-38.5473,-58.7368,66.22,43,13,10.11,few clouds
158,East London,ZA,-33.0153,27.9116,63.68,62,100,13.67,overcast clouds
159,Murdochville,CA,48.9583,-65.5006,40.08,93,100,8.25,overcast clouds
160,Milak,IN,28.6167,79.1833,69.84,76,66,4.38,broken clouds
161,Codrington,AU,-38.2667,141.9667,50.09,66,100,9.91,overcast clouds
162,Upernavik,GL,72.7868,-56.1549,15.85,67,96,8.43,overcast clouds
163,Clyde River,CA,70.4692,-68.5914,13.57,78,49,6.04,scattered clouds
164,Hami,CN,42.8,93.45,46.24,39,0,6.58,clear sky
165,Lebu,CL,-37.6167,-73.65,57.97,79,18,9.42,few clouds
166,Katangli,RU,51.7102,143.2326,30.24,86,65,8.66,broken clouds
167,Chokurdakh,RU,70.6333,147.9167,-6.21,99,100,2.89,overcast clouds
168,Nikolskoye,RU,59.7035,30.7861,34.88,83,90,3.83,overcast clouds
169,Dekar,BW,-21.5333,21.9333,80.89,17,5,4.05,clear sky
170,Tautira,PF,-17.7333,-149.15,73.42,91,100,17.87,moderate rain
171,Cabo San Lucas,MX,22.8909,-109.9124,88.9,65,20,2.3,few clouds
172,Gamba,GA,-2.65,10.0,76.86,91,100,5.26,light rain
173,Manokwari,ID,-0.8667,134.0833,78.04,76,100,1.99,light rain
174,Port Alfred,ZA,-33.5906,26.891,60.51,70,22,11.45,few clouds
175,Kyshtovka,RU,56.555,76.6271,45.77,87,100,9.26,light rain
176,Nome,US,64.5011,-165.4064,28.47,86,90,4.61,light snow
177,Caravelas,BR,-17.7125,-39.2481,81.55,72,2,11.14,clear sky
178,Iqaluit,CA,63.7506,-68.5145,31.73,74,90,5.99,overcast clouds
179,Verkhoyansk,RU,67.5447,133.385,6.28,98,100,1.83,overcast clouds
180,Shingu,JP,33.7333,135.9833,60.73,90,100,4.81,moderate rain
181,Hambantota,LK,6.1241,81.1185,79.07,80,100,7.9,overcast clouds
182,Havelock,US,34.8791,-76.9013,78.98,70,100,4.0,overcast clouds
183,Port Elizabeth,ZA,-33.918,25.5701,56.1,87,75,2.3,broken clouds
184,Santa Catalina,PH,9.3337,122.8637,77.47,88,97,3.31,overcast clouds
185,New Ulm,US,44.3125,-94.4605,48.7,64,1,13.8,clear sky
186,Marzuq,YE,14.4,46.4667,72.57,24,4,1.79,clear sky
187,Bonavista,CA,48.6499,-53.1147,60.12,93,100,19.19,overcast clouds
188,Madimba,TZ,-10.4,40.3333,76.77,87,14,5.41,few clouds
189,Hofn,IS,64.2539,-15.2082,42.89,86,100,16.24,moderate rain
190,Lazaro Cardenas,MX,17.9583,-102.2,78.51,88,100,6.4,overcast clouds
191,Vila Franca Do Campo,PT,37.7167,-25.4333,66.61,73,11,6.49,few clouds
192,Murwillumbah,AU,-28.3167,153.4,69.94,83,75,8.05,broken clouds
193,Barrow,US,71.2906,-156.7887,28.42,80,90,5.75,overcast clouds
194,Fomboni,KM,-12.28,43.7425,80.04,85,11,14.41,few clouds
195,Cockburn Town,TC,21.4612,-71.1419,84.16,65,40,13.8,scattered clouds
196,Svetlaya,RU,46.5389,138.3297,43.05,65,0,5.91,clear sky
197,Mount Gambier,AU,-37.8333,140.7667,50.09,56,100,6.51,overcast clouds
198,Kotovo,RU,50.3211,44.8012,40.84,58,100,7.76,overcast clouds
199,Benghazi,LY,32.1167,20.0667,79.36,38,100,20.18,overcast clouds
200,Oshikango,NA,-17.4,15.8833,82.29,19,0,4.74,clear sky
201,Micheweni,TZ,-4.9667,39.8333,77.88,81,5,6.85,clear sky
202,Carutapera,BR,-1.195,-46.02,86.29,63,23,9.8,few clouds
203,Ostersund,SE,63.1792,14.6357,39.65,100,90,0.0,overcast clouds
204,Mitchell,US,43.7094,-98.0298,46.38,80,90,4.0,overcast clouds
205,Danilovka,RU,50.3557,44.1168,40.95,60,87,8.12,overcast clouds
206,Teya,RU,60.3778,92.6267,35.82,96,98,10.2,light rain
207,Klyuchi,RU,52.2667,79.1667,45.41,68,99,10.63,overcast clouds
208,Itambe,BR,-15.245,-40.6244,78.71,82,93,3.18,overcast clouds
209,Inirida,CO,3.8653,-67.9239,86.97,66,93,3.49,overcast clouds
210,Haines Junction,CA,60.7522,-137.5108,24.75,93,53,2.3,broken clouds
211,Atuona,PF,-9.8,-139.0333,77.83,71,7,17.94,clear sky
212,Auki,SB,-8.7676,160.7034,76.5,88,33,4.0,scattered clouds
213,Pontianak,ID,-0.0333,109.3333,76.98,100,90,1.14,mist
214,Severo-Kurilsk,RU,50.6789,156.125,38.28,76,28,15.46,scattered clouds
215,Pedernales,DO,18.0384,-71.744,86.16,59,92,2.35,overcast clouds
216,Meulaboh,ID,4.1363,96.1285,74.34,92,100,5.23,overcast clouds
217,Turukhansk,RU,65.8167,87.9833,26.53,88,100,15.48,overcast clouds
218,Port Jervis,US,41.3751,-74.6927,57.18,76,100,7.14,overcast clouds
219,Chara,RU,56.9064,118.2631,28.24,65,100,1.01,overcast clouds
220,Mangrol,IN,21.1167,70.1167,79.66,64,0,7.49,clear sky
221,Saint-Francois,FR,46.4154,3.9054,48.67,90,0,1.14,clear sky
222,Taltal,CL,-25.4,-70.4833,63.36,69,24,6.4,few clouds
223,Vostok,RU,46.4856,135.8833,30.96,76,0,5.1,clear sky
224,Melilla,ES,35.2937,-2.9383,66.4,82,20,5.75,few clouds
225,Kanigoro,ID,-8.13,112.219,75.6,87,100,5.84,overcast clouds
226,Nam Som,TH,17.7704,102.1895,69.84,92,35,1.95,scattered clouds
227,Isabela,PH,6.7085,121.9711,78.87,83,100,1.05,overcast clouds
228,Harper,LR,4.375,-7.7169,77.97,82,100,7.58,overcast clouds
229,Anadyr,RU,64.75,177.4833,3.7,85,75,4.47,broken clouds
230,Lagoa,PT,39.05,-27.9833,65.84,68,10,11.41,clear sky
231,Barabash,RU,43.2,131.4833,29.88,62,0,3.44,clear sky
232,Waipawa,NZ,-41.4122,175.5153,56.44,88,86,5.41,overcast clouds
233,Jutai,BR,-5.1833,-68.9,91.92,49,98,2.73,overcast clouds
234,Cherskiy,RU,68.75,161.3,-12.86,99,48,5.59,scattered clouds
235,El Nispero,HN,14.7667,-88.3333,90.21,55,53,2.48,broken clouds
236,Joshimath,IN,30.5667,79.5667,51.37,62,75,5.17,broken clouds
237,Columbia,US,34.0007,-81.0348,81.66,52,1,1.01,clear sky
238,Bengkulu,ID,-3.8004,102.2655,75.31,90,95,4.81,light rain
239,Labrea,BR,-7.2586,-64.7981,91.29,50,100,0.43,overcast clouds
240,Vila Velha,BR,-20.3297,-40.2925,84.15,74,20,18.41,few clouds
241,Chumikan,RU,54.7183,135.315,36.55,83,96,16.2,overcast clouds
242,Christchurch,NZ,-43.5333,172.6333,57.9,90,90,3.0,mist
243,Impfondo,CG,1.6381,18.0667,72.18,90,100,2.59,overcast clouds
244,Puerto Del Rosario,ES,28.5004,-13.8627,73.15,68,20,10.36,few clouds
245,George,ZA,-33.963,22.4617,53.15,82,0,4.61,clear sky
246,Lata,PT,40.1629,-8.3327,59.05,69,0,1.36,clear sky
247,Srednebelaya,RU,50.6594,128.0106,35.98,73,5,6.53,clear sky
248,Port Lincoln,AU,-34.7333,135.8667,52.14,74,0,12.82,clear sky
249,Salinopolis,BR,-0.6136,-47.3561,85.05,67,1,12.3,clear sky
250,Alamos,MX,27.0167,-108.9333,87.49,37,0,5.57,clear sky
251,Tuatapere,NZ,-46.1333,167.6833,52.97,95,99,3.31,overcast clouds
252,Anzhero-Sudzhensk,RU,56.081,86.0285,42.46,93,97,10.2,overcast clouds
253,Lompoc,US,34.6391,-120.4579,74.08,67,20,6.91,few clouds
254,Itoman,JP,26.1247,127.6694,73.42,90,20,3.44,few clouds
255,Taldan,RU,53.6667,124.8,31.05,90,60,0.4,broken clouds
256,Saint Pete Beach,US,27.7253,-82.7412,86.25,73,40,1.99,moderate rain
257,Tessalit,ML,20.1986,1.0114,90.19,17,19,10.54,few clouds
258,Coihaique,CL,-45.5752,-72.0662,49.95,81,90,12.66,heavy intensity rain
259,Tecoanapa,MX,16.5167,-98.75,85.14,67,93,7.92,overcast clouds
260,Sao Filipe,CV,14.8961,-24.4956,80.58,64,15,8.41,few clouds
261,Moranbah,AU,-22.0016,148.0466,73.56,65,37,7.58,scattered clouds
262,Bambous Virieux,MU,-20.3428,57.7575,74.21,78,40,12.66,scattered clouds
263,Vadakku Valliyur,IN,8.3833,77.65,78.22,79,100,4.52,overcast clouds
264,Pochutla,MX,15.7432,-96.4661,87.82,59,89,6.58,overcast clouds
265,Thanesar,IN,29.9833,76.8167,67.28,70,5,3.4,clear sky
266,Menongue,AO,-14.6585,17.691,72.99,60,74,8.99,broken clouds
267,Lyuban,BY,52.7985,28.0048,36.73,75,100,5.95,overcast clouds
268,Pontes E Lacerda,BR,-15.2261,-59.3353,74.46,79,100,9.53,overcast clouds
269,Kyrksaeterora,NO,63.2906,9.0891,48.85,91,100,5.3,overcast clouds
270,Otradnoye,RU,59.7775,30.8181,35.04,83,90,3.78,overcast clouds
271,Guerrero Negro,MX,27.9769,-114.0611,70.99,57,1,13.67,clear sky
272,Saurimo,AO,-9.6608,20.3916,72.75,72,100,3.24,light rain
273,Ostrovnoy,RU,68.0531,39.5131,30.52,75,26,20.38,light snow
274,Khatanga,RU,71.9667,102.5,0.93,90,88,16.55,overcast clouds
275,Portobelo,PA,9.55,-79.65,87.06,76,100,1.5,overcast clouds
276,Leh,IN,34.1667,77.5833,31.57,85,100,4.92,light snow
277,Atasu,KZ,48.6814,71.6433,42.62,49,55,6.71,broken clouds
278,Zlobin,HR,45.2924,14.6541,45.7,40,0,9.22,clear sky
279,Byron Bay,AU,-28.65,153.6167,69.87,86,100,5.41,overcast clouds
280,Huanren,CN,41.2647,125.3667,39.31,93,3,3.15,clear sky
281,Maxixe,MZ,-23.8597,35.3472,72.72,89,100,8.63,light rain
282,Iquique,CL,-20.2208,-70.1431,64.44,68,11,7.52,few clouds
283,Komsomolskiy,UZ,40.4272,71.7189,45.32,57,0,6.91,clear sky
284,Mosquera,CO,4.7059,-74.2302,66.29,68,40,17.27,haze
285,Pimentel,PE,-6.8367,-79.9342,71.89,60,0,20.71,clear sky
286,Chapais,CA,49.7834,-74.8492,44.38,59,100,6.69,overcast clouds
287,Kenai,US,60.5544,-151.2583,42.15,93,75,0.0,broken clouds
288,Luwuk,ID,-0.9516,122.7875,76.96,72,100,3.09,overcast clouds
289,Nouadhibou,MR,20.931,-17.0347,69.13,82,41,21.07,scattered clouds
290,Hay River,CA,60.8156,-115.7999,42.78,81,75,11.5,broken clouds
291,Broome,US,42.2506,-75.833,56.37,74,90,1.01,overcast clouds
292,Alice Springs,AU,-23.7,133.8833,62.15,48,15,5.75,few clouds
293,Champasak,LA,14.75,106.0,68.99,99,90,1.48,overcast clouds
294,Jalu,LY,29.0331,21.5482,78.53,27,61,10.56,broken clouds
295,Plock,PL,52.5468,19.7064,39.16,80,83,6.31,broken clouds
296,Kupang,ID,-10.1667,123.5833,78.91,84,20,2.35,few clouds
297,Santa Isabel Do Rio Negro,BR,-0.4139,-65.0192,87.24,66,100,1.79,overcast clouds
298,Saint George,US,37.1041,-113.5841,68.63,39,1,1.01,clear sky
299,Blagoyevo,RU,63.3667,47.9167,29.12,86,100,7.7,overcast clouds
300,Businga,CD,3.3333,20.8833,70.9,97,100,4.97,moderate rain
301,Oistins,BB,13.0667,-59.5333,84.29,79,40,18.41,scattered clouds
302,Karratha,AU,-20.7377,116.8463,76.03,61,6,13.04,clear sky
303,College,US,64.8569,-147.8028,28.2,89,90,0.0,fog
304,Tatvan,TR,38.5067,42.2817,48.0,32,0,6.44,clear sky
305,Pafos,CY,34.7667,32.4167,66.11,63,20,5.75,few clouds
306,Goianapolis,BR,-16.5106,-49.0239,70.88,45,100,5.57,overcast clouds
307,La Ronge,CA,55.1001,-105.2842,39.45,75,75,17.27,broken clouds
308,Hohhot,CN,40.8106,111.6522,34.09,80,86,4.47,overcast clouds
309,Kununurra,AU,-15.7667,128.7333,82.38,65,67,5.75,broken clouds
310,Kidal,ML,18.4411,1.4078,94.82,17,54,1.81,broken clouds
311,Tuktoyaktuk,CA,69.4541,-133.0374,30.2,93,75,2.3,broken clouds
312,Chachapoyas,PE,-6.2317,-77.869,67.1,71,70,3.85,moderate rain
313,Agirish,RU,61.9247,63.0231,30.61,72,100,2.21,overcast clouds
314,Busca,IT,44.5181,7.4743,55.13,94,5,4.61,clear sky
315,Liku,ID,-0.7275,119.8922,75.97,92,100,3.15,overcast clouds
316,Gornyy,RU,55.1153,83.9059,44.8,81,100,13.42,overcast clouds
317,Rawson,AR,-43.3002,-65.1023,80.89,26,40,34.52,dust
318,Kandy,LK,7.2955,80.6356,70.61,94,100,2.53,overcast clouds
319,Jaumave,MX,23.4167,-99.3833,78.08,37,100,4.21,overcast clouds
320,Tual,ID,-5.6667,132.75,81.18,78,99,3.31,light rain
321,Kontagora,NG,10.3999,5.4695,77.2,77,23,4.0,few clouds
322,Sorland,NO,67.667,12.6934,43.65,95,100,24.61,light rain
323,Mancio Lima,BR,-7.6142,-72.8958,96.87,41,40,9.22,scattered clouds
324,Nurota,UZ,40.5614,65.6886,46.49,26,4,2.77,clear sky
325,Avallon,FR,47.4833,3.9,46.47,72,0,4.65,clear sky
326,Deputatskiy,RU,69.3,139.9,-0.71,98,100,1.01,overcast clouds
327,Cayenne,GF,4.9333,-52.3333,84.24,84,75,5.99,broken clouds
328,Berlevag,NO,70.8578,29.0864,31.95,80,75,11.5,light snow
329,Serenje,ZM,-13.2325,30.2352,74.01,34,13,4.0,few clouds
330,Oranjemund,NA,-28.55,16.4333,61.23,70,0,27.45,clear sky
331,Gweta,BW,-20.1833,25.2333,83.07,36,85,13.4,overcast clouds
332,Sayyan,YE,15.1718,44.3244,58.5,26,4,3.27,clear sky
333,Constitucion,CL,-35.3333,-72.4167,64.0,61,7,18.86,clear sky
334,Beringovskiy,RU,63.05,179.3167,7.59,86,38,7.11,scattered clouds
335,Lunino,RU,53.5918,45.2271,37.2,93,99,10.45,overcast clouds
336,Dalby,AU,-27.1833,151.2667,60.98,68,11,5.79,few clouds
337,Mafinga,TZ,-7.25,35.0667,81.37,34,5,10.78,clear sky
338,Kabinda,CD,-6.1333,24.4833,69.15,95,100,0.45,moderate rain
339,Sao Joao Da Barra,BR,-21.6403,-41.0511,80.69,86,100,11.63,overcast clouds
340,Okhotsk,RU,59.3833,143.3,17.64,81,29,7.4,scattered clouds
341,Mayumba,GA,-3.432,10.6554,76.98,92,100,5.19,overcast clouds
342,Dunedin,NZ,-45.8742,170.5036,52.27,93,100,4.0,overcast clouds
343,Fuxin,CN,42.0156,121.6589,46.81,77,0,3.71,clear sky
344,Airai,TL,-8.9266,125.4092,61.25,88,99,1.19,overcast clouds
345,Panjab,AF,34.388,67.0233,34.57,25,0,4.63,clear sky
346,Basco,PH,20.4487,121.9702,79.95,78,9,14.74,clear sky
347,Baykit,RU,61.67,96.37,36.37,88,100,11.88,overcast clouds
348,Dwarka,IN,22.2394,68.9678,80.13,59,0,9.48,clear sky
349,Tiksi,RU,71.6872,128.8694,1.2,100,100,5.91,overcast clouds
350,Chatan,JP,26.3094,127.7703,73.2,94,75,0.0,broken clouds
351,Koumac,NC,-20.5667,164.2833,71.67,83,0,4.07,clear sky
352,Luderitz,NA,-26.6481,15.1594,62.98,59,0,16.15,clear sky
353,Robat Karim,IR,35.4846,51.0829,60.28,33,0,18.41,clear sky
354,Nizhniy Tsasuchey,RU,50.5167,115.1333,36.97,61,69,6.55,broken clouds
355,Havre-Saint-Pierre,CA,50.2334,-63.5986,48.2,93,90,8.05,overcast clouds
356,Peniche,PT,39.3558,-9.3811,63.88,87,50,7.43,scattered clouds
357,Ouegoa,NC,-20.35,164.4333,72.75,83,0,10.65,clear sky
358,Quatre Cocos,MU,-20.2078,57.7625,74.08,71,76,14.27,broken clouds
359,Mao,ES,39.8885,4.2658,63.16,94,20,4.61,few clouds
360,Svarstad,NO,59.399,9.9698,51.96,48,100,3.0,overcast clouds
361,Gazanjyk,TM,39.2446,55.5154,59.61,40,12,9.1,few clouds
362,Porto Velho,BR,-8.7619,-63.9039,95.05,41,40,3.44,scattered clouds
363,Nara,JP,34.6851,135.8049,59.5,68,100,3.49,overcast clouds
364,Luanda,AO,-8.8368,13.2343,77.0,78,0,10.36,clear sky
365,Fecamp,FR,49.7579,0.3746,58.08,79,100,13.22,overcast clouds
366,Evensk,RU,61.95,159.2333,5.72,79,68,5.37,broken clouds
367,Atar,MR,20.5169,-13.0499,92.01,17,81,0.34,broken clouds
368,Auch,FR,43.65,0.5833,60.26,85,0,1.99,clear sky
369,Ust-Koksa,RU,50.2696,85.6108,28.94,88,33,1.77,scattered clouds
370,Ginda,IN,30.6945,78.4932,49.69,77,99,5.55,overcast clouds
371,Okhansk,RU,57.7186,55.3877,39.27,83,100,9.31,light rain
372,Avera,US,33.194,-82.5271,80.47,38,78,4.85,broken clouds
373,Motygino,RU,58.1831,94.7592,40.06,80,91,12.88,overcast clouds
374,Mezen,RU,65.8522,44.24,27.88,84,87,10.8,overcast clouds
375,Vedi,AM,39.9142,44.7222,51.19,22,9,5.84,clear sky
376,Vao,NC,-22.6667,167.4833,70.2,70,34,12.53,scattered clouds
377,Druzhba,UA,52.0428,33.9453,34.36,80,19,7.7,few clouds
378,Rio Grande,BR,-32.035,-52.0986,73.94,45,0,7.31,clear sky
379,Tibati,CM,6.4667,12.6333,69.48,90,84,4.34,broken clouds
380,Labelle,US,26.7617,-81.4384,86.02,80,100,4.29,overcast clouds
381,Timizart,DZ,36.8,4.2667,58.98,72,0,5.39,clear sky
382,Athni,IN,16.7333,75.0667,75.78,71,78,2.86,broken clouds
383,Rocha,UY,-34.4833,-54.3333,67.71,43,0,10.4,clear sky
384,Chicama,PE,-7.8447,-79.1469,63.14,58,10,11.1,clear sky
385,Khilok,RU,51.3674,110.4676,29.53,90,12,4.47,few clouds
386,Leningradskiy,RU,69.3833,178.4167,8.87,94,100,6.73,overcast clouds
387,Campbell River,CA,50.0163,-125.2446,49.53,95,90,6.91,mist
388,Tabou,CI,4.423,-7.3528,77.68,86,85,6.26,overcast clouds
389,Oriximina,BR,-1.7656,-55.8661,89.62,55,48,4.09,very heavy rain
390,Kingaroy,AU,-26.5333,151.8333,64.44,100,90,5.75,overcast clouds
391,Flinders,AU,-34.5833,150.8552,56.8,88,3,4.16,clear sky
392,El Vigia,VE,8.6219,-71.6506,85.75,72,100,4.41,overcast clouds
393,Glenwood Springs,US,39.5505,-107.3248,60.6,50,44,8.66,scattered clouds
394,Manggar,ID,-2.8833,108.2667,79.07,82,32,2.42,scattered clouds
395,Raudeberg,NO,61.9875,5.1352,51.58,93,100,10.0,light rain
396,Simao,CN,22.7886,100.9748,60.85,98,100,2.04,overcast clouds
397,Price,US,39.5994,-110.8107,56.71,58,1,9.22,clear sky
398,Mandali,IQ,33.7499,45.5541,72.79,17,0,6.33,clear sky
399,Calvillo,MX,21.85,-102.7167,77.94,32,7,1.01,clear sky
400,Skibbereen,IE,51.55,-9.2667,51.6,81,12,16.4,few clouds
401,Esil,KZ,51.9556,66.4042,48.38,40,100,16.8,overcast clouds
402,Lamar,US,33.6668,-95.5836,83.86,65,90,23.02,overcast clouds
403,Rambha,IN,19.5167,85.1,73.45,70,0,2.95,clear sky
404,Tilichiki,RU,60.4667,166.1,5.25,93,50,8.93,scattered clouds
405,Monrovia,LR,6.3005,-10.7969,79.16,82,100,6.44,overcast clouds
406,Santa Maria,BR,-29.6842,-53.8069,72.7,33,0,4.61,clear sky
407,Port Macquarie,AU,-31.4333,152.9167,57.88,94,75,1.14,broken clouds
408,Wonthaggi,AU,-38.6044,145.5913,50.05,74,93,10.69,overcast clouds
409,Umm Lajj,SA,25.0213,37.2685,78.04,69,0,9.71,clear sky
410,Arrecife,ES,28.963,-13.5477,73.47,68,20,12.66,few clouds
411,Souillac,MU,-20.5167,57.5167,74.35,78,40,12.66,scattered clouds
412,Ust-Maya,RU,60.4167,134.5333,25.29,97,100,3.58,overcast clouds
413,Taoudenni,ML,22.6783,-3.9836,91.81,16,4,8.97,clear sky
414,Nouakchott,MR,18.0858,-15.9785,81.12,60,45,16.4,scattered clouds
415,Rock Springs,US,41.5875,-109.2029,53.24,52,90,1.99,overcast clouds
416,Portland,US,45.5234,-122.6762,58.93,89,90,3.0,overcast clouds
417,Voh,NC,-20.9667,164.7,69.46,88,3,4.43,clear sky
418,Narsaq,GL,60.9167,-46.05,32.22,54,100,5.64,overcast clouds
419,Sinnamary,GF,5.3833,-52.95,80.02,87,100,10.74,overcast clouds
420,Boyolangu,ID,-8.1181,111.8935,75.76,88,100,4.12,overcast clouds
421,Bolshaya Sosnova,RU,57.6713,54.6029,36.57,93,100,11.07,overcast clouds
422,Athabasca,CA,54.7169,-113.2854,40.82,84,100,8.03,overcast clouds
423,Makokou,GA,0.5738,12.8642,71.28,97,53,1.52,broken clouds
424,Coahuayana,MX,18.7333,-103.6833,90.88,63,100,5.1,overcast clouds
425,Kloulklubed,PW,7.0419,134.2556,77.5,74,99,7.78,overcast clouds
426,Farmington,US,36.7281,-108.2187,68.11,29,1,4.61,clear sky
427,Ust-Kuyga,RU,70.0167,135.6,4.15,97,100,1.79,overcast clouds
428,Northam,GB,51.0333,-4.2167,58.08,90,5,12.82,clear sky
429,Bahia Blanca,AR,-38.7196,-62.2724,79.2,19,0,21.56,clear sky
430,Tokur,RU,53.1333,132.9,20.91,97,65,3.24,broken clouds
431,Lisakovsk,KZ,52.5369,62.4936,52.2,40,100,12.01,overcast clouds
432,Plettenberg Bay,ZA,-34.0527,23.3716,55.65,72,0,4.7,clear sky
433,Longyearbyen,SJ,78.2186,15.6401,21.04,79,75,4.61,light snow
434,Mnogovershinnyy,RU,53.9353,139.9242,29.43,88,88,5.01,overcast clouds
435,Quesnel,CA,52.9999,-122.5029,37.9,93,40,3.44,scattered clouds
436,Fortuna,US,40.5982,-124.1573,57.18,74,90,1.99,light rain
437,Hervey Bay,AU,-25.2986,152.8535,76.03,92,5,10.98,clear sky
438,Puqi,CN,29.7167,113.8833,55.02,68,100,1.68,overcast clouds
439,Doctor Arroyo,MX,23.6667,-100.1833,77.94,31,100,5.08,overcast clouds
440,San Quintin,MX,30.4833,-115.95,67.93,63,49,13.42,scattered clouds
441,Tadine,NC,-21.55,167.8833,71.58,75,98,11.39,overcast clouds
442,Sisimiut,GL,66.9395,-53.6735,18.73,73,4,8.88,clear sky
443,Landeck,AT,47.1301,10.5636,46.2,56,0,5.7,clear sky
444,Lagos,NG,6.5833,3.75,82.72,86,48,4.07,scattered clouds
445,Tomatlan,MX,19.9333,-105.25,89.98,58,99,5.57,overcast clouds
446,Quepos,CR,9.4236,-84.1652,92.05,79,42,5.97,scattered clouds
447,Asfi,MA,32.2994,-9.2372,68.38,73,100,12.93,overcast clouds
448,Praia,CV,14.9215,-23.5087,79.34,73,20,19.57,few clouds
449,Preobrazheniye,RU,42.9019,133.9064,45.86,60,0,6.64,clear sky
450,Kabwe,ZM,-14.4469,28.4464,82.22,31,78,7.67,broken clouds
451,Boa Vista,BR,2.8197,-60.6733,91.38,49,40,10.36,scattered clouds
452,Sladkovo,RU,55.5284,70.3385,51.17,43,100,20.69,overcast clouds
453,Karasjok,NO,69.4719,25.5112,15.91,97,100,1.63,overcast clouds
454,Asau,RO,46.4333,26.4,39.4,70,6,0.6,clear sky
455,San Fernando,PH,15.0286,120.6898,78.82,86,99,4.52,overcast clouds
456,Red Wing,US,44.5625,-92.5338,50.38,61,1,4.0,clear sky
457,Kondagaon,IN,19.6,81.6667,64.4,79,89,1.66,overcast clouds
458,Butka,RU,56.7179,63.7866,41.81,85,51,12.86,broken clouds
459,Noyabrsk,RU,63.1994,75.4507,24.37,89,8,11.63,clear sky
460,Zholymbet,KZ,51.7433,71.7122,44.83,47,100,15.35,overcast clouds
461,Udachnyy,RU,66.4167,112.4,22.69,97,100,4.07,light snow
462,Lhokseumawe,ID,5.1801,97.1507,78.03,87,100,4.32,light rain
463,Zyryanka,RU,65.75,150.85,0.1,85,100,3.18,overcast clouds
464,Grand Gaube,MU,-20.0064,57.6608,74.37,69,89,8.99,overcast clouds
465,Talara,PE,-4.5772,-81.2719,75.96,64,0,13.8,clear sky
466,Aswan,EG,24.0934,32.907,76.84,20,0,11.99,clear sky
467,Kargopol,RU,61.5071,38.9456,26.91,88,7,5.37,clear sky
468,Dudinka,RU,69.4058,86.1778,22.37,97,100,6.78,light snow
469,Paamiut,GL,61.994,-49.6678,31.5,40,0,14.03,clear sky
470,Miri,MY,4.4148,114.0089,77.14,94,40,1.14,scattered clouds
471,Ivolginsk,RU,51.7492,107.2837,28.06,86,20,0.0,smoke
472,Saldanha,ZA,-33.0117,17.9442,59.74,74,0,19.24,clear sky
473,Ambilobe,MG,-13.2,49.05,78.19,73,83,7.45,broken clouds
474,Inta,RU,66.0317,60.1659,24.94,95,100,10.74,overcast clouds
475,Lafiagi,NG,8.8667,5.4167,81.1,73,53,0.56,broken clouds
476,Darhan,MN,49.4867,105.9228,36.1,57,7,3.65,clear sky
477,Gorele,TR,41.0308,39.0031,60.24,85,100,8.61,overcast clouds
478,Klaksvik,FO,62.2266,-6.589,50.92,88,98,23.98,overcast clouds
479,Bud,US,39.447,-86.1758,69.89,98,100,11.54,light rain
480,Morondava,MG,-20.2833,44.2833,76.06,73,0,12.59,clear sky
481,Coquimbo,CL,-29.9533,-71.3436,64.13,63,0,14.97,clear sky
482,Shahr-E Babak,IR,30.1165,55.1186,59.4,26,0,10.47,clear sky
483,Savalou,BJ,7.9281,1.9756,78.17,81,99,2.59,light rain
484,Vargashi,RU,55.3556,65.8467,48.74,82,100,17.78,overcast clouds
485,River Falls,US,44.8614,-92.6238,50.09,65,100,13.53,overcast clouds
486,Ilulissat,GL,69.2167,-51.1,21.22,58,75,17.27,broken clouds
487,Nelson Bay,AU,-32.7167,152.15,57.0,96,5,3.31,clear sky
488,Brae,GB,60.3964,-1.353,51.71,95,100,10.67,overcast clouds
489,Victoria Point,AU,-27.5833,153.3,71.91,92,86,5.06,overcast clouds
490,Winslow,US,35.0242,-110.6974,72.97,27,1,1.01,clear sky
491,Saint Anthony,US,45.0205,-93.218,49.95,55,20,3.0,few clouds
492,Nanakuli,US,21.3906,-158.1547,78.75,76,75,5.75,broken clouds
493,Grindavik,IS,63.8424,-22.4338,46.87,93,75,5.75,broken clouds
494,Tevaitoa,PF,-16.7833,-151.5,76.73,85,100,8.81,light rain
495,Sampit,ID,-2.5333,112.95,74.08,94,30,1.3,scattered clouds
496,Kirkkonummi,FI,60.1238,24.4385,46.09,97,100,16.69,overcast clouds
497,Shelburne,CA,44.0787,-80.2041,53.76,55,24,9.08,few clouds
498,Babati,TZ,-4.2167,35.75,79.02,34,96,6.78,overcast clouds
499,Poum,NC,-20.2333,164.0167,74.62,77,6,7.31,clear sky
500,Fuling,CN,29.7022,107.3919,58.66,78,8,3.11,clear sky
501,Athens,GR,37.9795,23.7162,64.26,81,100,13.0,overcast clouds
502,Atambua,ID,-9.1061,124.8925,75.85,83,100,1.48,overcast clouds
503,Lerwick,GB,60.1545,-1.1494,51.8,94,100,15.08,overcast clouds
504,Kyabram,AU,-36.3167,145.05,41.88,89,4,9.66,clear sky
505,Faya,SA,18.3851,42.4509,62.71,39,6,1.86,clear sky
506,Jamame,SO,0.0722,42.7506,77.74,85,63,8.14,broken clouds
507,Agadez,NE,19.75,10.25,83.5,13,0,4.27,clear sky
508,Asekeyevo,RU,53.5742,52.7972,40.03,80,79,4.0,broken clouds
509,Monte Alegre,BR,-2.0078,-54.0692,92.35,43,100,4.27,light rain
510,Bubaque,GW,11.2833,-15.8333,82.29,74,100,6.15,overcast clouds
511,Mana,GF,5.6592,-53.7767,81.41,81,96,9.91,moderate rain
512,Gazojak,TM,41.1875,61.4036,54.18,23,33,5.37,scattered clouds
513,Riverton,US,40.5219,-111.9391,60.49,67,90,4.0,overcast clouds
514,Prince Rupert,CA,54.3161,-130.3201,49.69,72,100,5.75,overcast clouds
515,Narrabri,AU,-30.3167,149.7833,53.53,61,0,1.01,clear sky
516,Ossora,RU,59.2353,163.0719,25.95,93,98,9.53,overcast clouds
517,Saint-Georges,GD,12.0564,-61.7485,87.48,66,20,16.11,few clouds
518,Abu Zabad,SD,12.35,29.25,88.77,21,13,8.12,few clouds
519,Moron,AR,-34.6534,-58.6198,79.02,25,0,7.0,clear sky
520,Nosy Varika,MG,-20.5833,48.5333,76.77,88,81,12.03,broken clouds
521,Abonnema,NG,4.7084,6.7931,84.49,83,52,7.27,broken clouds
522,Kenora,CA,49.8167,-94.4337,40.98,65,75,5.75,broken clouds
523,Hasaki,JP,35.7333,140.8333,48.6,50,9,6.69,clear sky
524,Soure,BR,-0.7167,-48.5233,84.9,70,2,12.68,clear sky
525,Cowra,AU,-33.8333,148.6833,36.39,83,0,1.21,clear sky
526,Moctezuma,MX,29.8,-109.6667,82.27,33,0,10.2,clear sky
527,Honiara,SB,-9.4333,159.95,77.4,87,8,3.47,clear sky
528,Xuddur,SO,4.1213,43.8894,79.95,56,33,9.53,scattered clouds
529,Borogontsy,RU,62.6683,131.1683,27.99,98,100,4.03,light snow
530,Juegang,CN,32.3174,121.1855,58.98,74,0,6.38,light rain
531,Petersburg,US,37.2279,-77.4019,78.71,49,1,9.22,clear sky
532,Sungaipenuh,ID,-2.0833,101.3833,65.08,96,100,0.78,overcast clouds
533,Kahului,US,20.8947,-156.47,80.62,81,40,18.41,light rain
534,Jupiter,US,26.9342,-80.0942,85.05,81,96,5.01,overcast clouds
535,Miandrivazo,MG,-19.5167,45.4667,82.04,35,0,1.34,clear sky
536,La Romana,DO,18.4273,-68.9728,88.16,70,20,5.75,few clouds
537,Laguna,US,38.421,-121.4238,65.25,90,90,1.01,heavy intensity rain
538,Verkhnevilyuysk,RU,63.4453,120.3167,31.62,98,100,5.3,light snow
539,Beloha,MG,-25.1667,45.05,72.7,86,26,9.82,scattered clouds
540,Severnoye,RU,56.3491,78.3619,45.68,88,100,10.4,overcast clouds
541,Deulgaon Raja,IN,20.0167,76.0333,70.63,60,6,6.11,clear sky
542,Onverwacht,SR,5.5833,-55.1833,78.8,89,20,5.75,thunderstorm
543,Camacha,PT,33.0833,-16.3333,67.42,56,40,9.22,scattered clouds
544,Port Hardy,CA,50.6996,-127.4199,55.58,67,75,33.38,light intensity shower rain
545,Bonthe,SL,7.5264,-12.505,79.63,81,99,6.49,light rain
546,Tiarei,PF,-17.5333,-149.3333,73.42,93,100,15.43,moderate rain
547,Gelibolu,TR,40.4103,26.6708,55.26,65,75,21.85,broken clouds
548,Kavaratti,IN,10.5669,72.642,82.0,74,27,5.95,scattered clouds
549,Bathsheba,BB,13.2167,-59.5167,84.81,79,40,18.41,scattered clouds
550,Margate,GB,51.3813,1.3862,57.31,77,74,4.0,broken clouds
551,Etchoropo,MX,26.7667,-109.6667,84.58,58,0,11.79,clear sky
552,Grand Baie,MU,-20.0182,57.5802,74.44,69,80,8.99,broken clouds
553,Roblin,CA,51.23,-101.3565,43.92,49,31,13.42,scattered clouds
554,Bhag,PK,29.0415,67.8239,76.73,32,1,6.13,clear sky
555,Sola,VU,-13.8833,167.55,80.64,75,21,11.5,few clouds
556,Trinidad,BO,-14.8333,-64.9,67.98,83,75,17.27,moderate rain
557,Krosno Odrzanskie,PL,52.0549,15.0988,40.84,67,63,4.68,broken clouds
558,Kamenka,RU,51.3223,42.7678,41.09,76,98,12.03,overcast clouds
559,Acajutla,SV,13.5928,-89.8275,97.14,68,44,4.7,scattered clouds
560,Solnechnyy,RU,50.7214,136.6319,32.79,85,10,4.16,clear sky
561,Conceicao Do Araguaia,BR,-8.2578,-49.2647,86.65,57,100,1.34,overcast clouds
562,Arman,RU,59.7,150.1667,22.35,60,100,0.92,overcast clouds
563,Chirongui,YT,-12.9319,45.1483,80.53,84,8,11.23,clear sky
564,Yatou,CN,37.15,122.3833,51.48,81,0,3.09,clear sky
565,Palmer,US,42.1584,-72.3287,60.31,45,20,1.99,few clouds
566,Cooma,AU,-36.2333,149.1333,32.0,96,18,3.83,few clouds
567,Marshfield,US,44.6689,-90.1718,50.14,53,1,14.97,clear sky
568,Sosva,RU,59.1766,61.8558,39.61,92,100,4.76,light rain
569,Kawalu,ID,-7.3817,108.2082,73.87,96,96,2.84,overcast clouds
570,Abu Dhabi,AE,24.4667,54.3667,85.19,55,0,3.65,clear sky
571,Roma,US,43.2128,-75.4557,58.84,56,75,0.0,broken clouds
572,Penzance,GB,50.1186,-5.5371,56.08,85,18,17.27,few clouds
573,Outjo,NA,-20.1167,16.15,72.63,18,0,15.79,clear sky
574,Lebanon,US,36.2081,-86.2911,80.13,54,1,12.66,clear sky
575,Victor Harbor,AU,-35.5667,138.6167,53.01,77,23,9.57,few clouds
576,Port-Gentil,GA,-0.7193,8.7815,80.56,83,40,10.36,scattered clouds
577,Escanaba,US,45.7453,-87.0646,51.67,65,75,6.91,broken clouds
578,Poso,ID,-1.3959,120.7524,76.41,86,100,3.65,overcast clouds
579,Malanje,AO,-9.5402,16.341,68.43,89,91,6.2,light rain
580,Santa Rita,BR,-7.1139,-34.9781,84.87,65,20,11.5,few clouds
581,Chiredzi,ZW,-21.05,31.6667,66.7,74,100,13.91,light rain
582,Conway,US,35.0887,-92.4421,85.62,62,75,1.01,broken clouds
583,Jacmel,HT,18.2342,-72.5347,84.04,64,86,6.4,overcast clouds
584,Katobu,ID,-4.9408,122.5276,75.15,92,100,3.24,overcast clouds
585,Mehamn,NO,71.0357,27.8492,31.91,86,20,5.75,light snow
586,Hvide Sande,DK,56.0045,8.1294,46.0,75,99,21.81,overcast clouds
587,Oskemen,KZ,49.9565,82.6119,44.56,57,90,6.71,overcast clouds
588,Charters Towers,AU,-20.1,146.2667,68.52,87,44,3.38,scattered clouds
589,Shaoguan,CN,24.8,113.5833,55.71,91,10,2.19,clear sky
590,Tabas,IR,33.5959,56.9244,66.58,13,100,6.89,overcast clouds
591,Lufilufi,WS,-13.8745,-171.5986,82.18,71,39,14.83,scattered clouds
592,Salobrena,ES,36.7428,-3.5872,70.5,76,4,2.75,clear sky
593,Ventspils,LV,57.3894,21.5606,49.93,81,0,14.97,clear sky
594,Prabumulih,ID,-3.45,104.25,74.12,97,91,0.85,overcast clouds
595,Wajir,KE,1.7471,40.0573,90.23,40,48,14.52,scattered clouds
596,Kamakwie,SL,9.5,-12.2333,77.02,89,23,2.26,light rain
597,Krasnyy Kommunar,RU,51.9644,55.3668,44.67,93,100,6.71,overcast clouds
598,Beaverlodge,CA,55.2166,-119.4361,36.75,72,5,9.13,clear sky
599,Sosua,DO,19.7667,-70.5167,91.38,66,20,5.75,few clouds
600,Padang,ID,-0.9492,100.3543,75.7,94,100,2.77,light rain
601,Lipari,IT,38.4674,14.954,75.33,75,96,25.68,light rain
602,Kushalnagar,IN,12.458,75.959,68.11,96,100,2.55,heavy intensity rain
603,Petropavlovsk-Kamchatskiy,RU,53.0452,158.6483,21.79,80,0,8.95,clear sky
604,Bertoua,CM,4.5833,13.6833,70.84,92,7,2.91,clear sky
605,Aklavik,CA,68.2191,-135.0107,22.03,100,75,4.61,mist
606,Catuday,PH,16.2923,119.8062,78.93,77,100,9.46,light rain
607,Jos,NG,9.9167,8.9,70.59,56,81,3.58,broken clouds
608,Znamenskoye,RU,57.1281,73.8282,43.66,93,100,8.3,moderate rain
609,Dali,CN,25.7,100.1833,55.85,94,65,4.65,broken clouds
610,Porto Belo,BR,-27.1578,-48.5531,75.63,70,91,16.96,overcast clouds
611,Qitaihe,CN,45.8,130.85,40.91,65,0,5.32,clear sky
612,Takaka,NZ,-40.85,172.8,61.97,94,88,2.17,overcast clouds
613,Nanortalik,GL,60.1432,-45.2371,32.27,91,100,3.94,light snow
614,Bhadravati,IN,13.8667,75.7167,69.66,94,98,2.95,overcast clouds
615,Eyl,SO,7.9803,49.8164,79.05,77,100,9.78,overcast clouds
616,Walvis Bay,NA,-22.9575,14.5053,60.1,82,0,6.91,clear sky
617,Ballina,AU,-28.8667,153.5667,66.38,97,91,4.79,light rain
618,Bose,IT,45.4612,8.0137,55.24,87,100,3.38,overcast clouds
619,Harrisburg,US,40.2737,-76.8844,65.53,73,75,3.0,broken clouds
620,San Antonio,US,29.4241,-98.4936,85.89,72,40,3.44,haze
621,Karla,EE,59.3723,24.9275,41.58,84,20,10.36,few clouds
622,Kieta,PG,-6.2167,155.6333,77.68,83,16,1.25,few clouds
623,Tezu,IN,27.9167,96.1667,69.58,71,24,3.62,few clouds
624,Las Vegas,US,36.175,-115.1372,73.42,33,1,8.05,clear sky
625,Tommot,RU,58.9564,126.2925,32.5,91,100,3.4,overcast clouds
626,Nantucket,US,41.2835,-70.0995,58.08,53,1,13.8,clear sky
627,New Richmond,US,45.123,-92.5366,49.8,49,1,9.22,clear sky
628,Hammerfest,NO,70.6634,23.6821,25.25,86,0,1.14,clear sky
629,Ponta Delgada,PT,37.7333,-25.6667,66.92,72,20,8.05,few clouds
630,Scarborough,GB,54.2797,-0.4044,55.08,87,18,10.0,few clouds
631,Mayo,US,38.8876,-76.5119,72.21,61,1,8.99,clear sky
632,Semey,KZ,50.4111,80.2275,43.84,61,44,9.13,scattered clouds
633,Mursan,IN,27.5833,77.9333,73.18,68,15,5.73,few clouds
634,Llallagua,BO,-18.4167,-66.6333,64.11,6,3,22.46,clear sky
635,Lokosovo,RU,61.1333,74.8167,30.06,94,93,4.09,overcast clouds
636,Mount Pleasant,US,32.7941,-79.8626,82.11,66,1,5.01,clear sky
637,Sakakah,SA,29.9697,40.2064,69.37,26,0,6.78,clear sky
638,Fort Nelson,CA,58.8053,-122.7002,27.99,100,40,3.44,scattered clouds
639,Del Pilar,PH,15.0333,120.7,78.85,88,99,4.61,overcast clouds
640,Lakhdenpokhya,RU,61.5198,30.1992,30.81,78,98,5.88,overcast clouds
641,Camabatela,AO,-8.1881,15.375,65.16,95,65,2.91,light rain
642,Ekhabi,RU,53.5102,142.9671,30.69,92,64,9.95,broken clouds
643,Silver City,US,32.7701,-108.2803,68.92,35,2,17.0,clear sky
644,Qunduz,AF,36.729,68.857,57.58,23,0,1.92,clear sky
645,Baghdad,IQ,33.3406,44.4009,66.11,32,0,4.61,clear sky
646,Manzanillo,CU,20.3433,-77.1167,88.86,54,96,2.26,overcast clouds
647,Banepa,NP,27.6298,85.5214,59.32,94,20,2.3,few clouds
648,Ridgecrest,US,35.6225,-117.6709,76.3,33,1,8.05,clear sky
649,Ailigandi,PA,9.2333,-78.0167,85.42,70,100,3.8,overcast clouds
650,Sobolevo,RU,54.4299,31.8996,31.23,80,23,6.35,few clouds
651,Lander,US,42.833,-108.7307,53.17,45,82,1.36,broken clouds
652,Gushi,CN,34.6425,109.5843,55.13,72,100,4.32,overcast clouds
653,Zabaykalsk,RU,49.6333,117.3167,32.56,68,100,4.88,overcast clouds
654,Paragould,US,36.0584,-90.4973,83.08,62,0,1.99,clear sky
655,Pavino,RU,59.1139,46.1414,30.56,92,100,11.05,light snow
656,Buraydah,SA,26.326,43.975,79.25,23,0,9.46,clear sky
657,Diamantino,BR,-14.4086,-56.4461,75.25,91,97,13.22,moderate rain
658,Mahibadhoo,MV,3.7833,72.9667,82.62,77,27,15.79,scattered clouds
659,El Rosario,MX,24.2556,-107.1828,90.14,58,5,6.08,clear sky
660,Huarmey,PE,-10.0681,-78.1522,69.66,70,10,12.5,clear sky
661,Playas,EC,-2.6333,-80.3833,74.93,78,100,14.58,overcast clouds
662,Bukachacha,RU,52.9833,116.9167,29.95,86,17,1.77,few clouds
663,Nekrasovka,RU,48.3525,135.2325,35.62,64,0,4.47,clear sky
664,Grass Valley,US,39.2191,-121.0611,55.35,96,90,8.99,fog
665,Nauta,PE,-4.5061,-73.5757,89.42,55,100,3.8,moderate rain
666,Makarov,RU,48.6333,142.8,39.36,71,1,4.88,clear sky
667,Xingyi,CN,24.1877,102.817,53.26,98,100,2.95,overcast clouds
668,Jacareacanga,BR,-6.2222,-57.7528,96.62,40,98,2.59,overcast clouds
669,Bilma,NE,18.6853,12.9164,87.51,11,0,7.49,clear sky
670,Akdepe,TM,42.0551,59.3788,46.49,25,64,4.32,broken clouds
671,Oussouye,SN,12.485,-16.5469,86.18,81,100,6.33,light rain
672,Nehe,CN,48.4833,124.8333,40.41,55,58,4.92,broken clouds
673,Biograd Na Moru,HR,43.9433,15.4519,56.75,52,96,9.44,overcast clouds
674,Jinchang,CN,38.4953,102.1739,45.77,48,97,4.25,overcast clouds
675,Manavalakurichi,IN,8.1333,77.3,78.89,86,100,10.02,moderate rain
676,Vilcun,CL,-38.65,-72.2333,56.14,70,99,6.55,overcast clouds
677,Gambo,CF,4.6482,22.2633,71.56,98,59,5.32,moderate rain
678,North Battleford,CA,52.7834,-108.2847,49.41,81,90,21.85,overcast clouds
